taskNumber,W,p-value
T01,11241,0.5903
T02,6802.5,2.39E-14
T03,13602,0.0006808
T04,12244,0.01174
T05,12817,0.0007593
T06,11012,0.2464
T07,10206,0.02177
T08,9952,0.03108
T09,10438,0.05002
T10,13318,0.0007957
T11,12063,0.1061
T12,8089,1.28E-09
T13,15630,1.36E-12
T14,13308,0.0005172
T15,15484,4.34E-10
T16,11400,NA